{"cameraMode":{"drawMode":0,"name":"Shaded","section":"Shading Mode"},"sceneLighting":false,"audioPlay":false,"sceneViewState":{"m_AlwaysRefresh":false,"showFog":true,"showSkybox":false,"showFlares":true,"showImageEffects":true,"showParticleSystems":true,"showVisualEffectGraphs":true,"m_FxEnabled":true},"in2DMode":false,"pivot":{"x":9.854312896728516,"y":0.0015097260475158692,"z":-0.05559009313583374},"rotation":{"x":0.0008514466462656856,"y":0.9988781809806824,"z":-0.04378781095147133,"w":0.019968822598457338},"size":1.3787788152694703,"orthographic":false}